<?xml version="1.0" encoding="UTF-8" standalone="yes"?>
<addon id="12345" name="Francisca" version="1.0" provider-name="Francisca2012">
    <extension point="xbmc.addon.repository" name="Francisca Repository">
        <dir>
            <info compressed="false">https://raw.githubusercontent.com/Francisca2012/FranciscaKodi/master/zips/addons.xml</info>
            <checksum>https://raw.githubusercontent.com/Francisca2012/FranciscaKodi/master/zips/addons.xml.md5</checksum>
            <datadir zip="true">https://raw.githubusercontent.com/Francisca2012/FranciscaKodi/master/zips/</datadir>
        </dir>
    </extension>
    <extension point="xbmc.addon.metadata">
        <summary>Francisca</summary>
        <description>DESCRIPTION OF YOUR REPO HERE</description>
        <disclaimer></disclaimer>
        <platform>all</platform>
        <assets>
            <icon>icon.png</icon>
            <fanart>fanart.jpg</fanart>
        </assets>
    </extension>
</addon>